{"cameraMode":{"drawMode":0,"name":"Shaded","section":"Shading Mode"},"sceneLighting":false,"audioPlay":false,"sceneViewState":{"m_AlwaysRefresh":false,"showFog":true,"showSkybox":false,"showFlares":true,"showImageEffects":true,"showParticleSystems":true,"showVisualEffectGraphs":true,"m_FxEnabled":true},"in2DMode":false,"pivot":{"x":-0.13458824157714845,"y":-0.44413721561431887,"z":-2.5208635330200197},"rotation":{"x":-0.017048276960849763,"y":-0.9718216061592102,"z":0.22334618866443635,"w":-0.07419993728399277},"size":2.5806946754455568,"orthographic":false}