{"cameraMode":{"drawMode":0,"name":"Shaded","section":"Shading Mode"},"sceneLighting":false,"audioPlay":false,"sceneViewState":{"m_AlwaysRefresh":false,"showFog":true,"showSkybox":false,"showFlares":true,"showImageEffects":true,"showParticleSystems":true,"showVisualEffectGraphs":true,"m_FxEnabled":true},"in2DMode":false,"pivot":{"x":0.8659148216247559,"y":0.301382452249527,"z":-1.3923732042312623},"rotation":{"x":-0.022108279168605806,"y":-0.975982129573822,"z":0.18153369426727296,"w":-0.11887457221746445},"size":2.5806946754455568,"orthographic":false}