{"cameraMode":{"drawMode":0,"name":"Shaded","section":"Shading Mode"},"sceneLighting":false,"audioPlay":false,"sceneViewState":{"m_AlwaysRefresh":false,"showFog":true,"showSkybox":false,"showFlares":true,"showImageEffects":true,"showParticleSystems":true,"showVisualEffectGraphs":true,"m_FxEnabled":true},"in2DMode":false,"pivot":{"x":-0.6182982325553894,"y":-1.5586189031600953,"z":-6.610974311828613},"rotation":{"x":-0.0035975740756839515,"y":-0.9789857268333435,"z":0.20344862341880799,"w":-0.017333243042230607},"size":5.909080982208252,"orthographic":false}