{"cameraMode":{"drawMode":0,"name":"Shaded","section":"Shading Mode"},"sceneLighting":false,"audioPlay":false,"sceneViewState":{"m_AlwaysRefresh":false,"showFog":true,"showSkybox":false,"showFlares":true,"showImageEffects":true,"showParticleSystems":true,"showVisualEffectGraphs":true,"m_FxEnabled":true},"in2DMode":false,"pivot":{"x":-1.152966856956482,"y":0.9274286031723023,"z":0.419797420501709},"rotation":{"x":0.011499149724841118,"y":-0.9872230291366577,"z":0.1360003799200058,"w":0.08341590315103531},"size":1.4345850944519044,"orthographic":false}